{
  "name": "【AUsDoL】Frameworks",
  "version": "1.0.0",
  "styleFileList": ["game/style.css"],
  "scriptFileList": ["game/AU-canvasmodel-lighting.js"],
  "tweeFileList": [],
  "imgFileList": [],
  "additionDir": ["game"],
  "additionFile": [],
  "addonPlugin": [
    
    {
      "modName": "ReplacePatcher",
      "addonName": "ReplacePatcherAddon",
      "modVersion": "^1.2.1",
      "params": {
        "js": [
          {
            "fileName": "canvasmodel-main.js",
            "from": "\"fox_ears\": {\n\t\t\tfilters: [\"hair\"],\n\t\t\tz: ZIndices.backhair,",
            "to": "\"fox_ears\": {\n\t\t\tfilters: [\"hair\"],\n\t\t\tz: ZIndices.horns,"
          },
          {
            "fileName": "canvasmodel-main.js",
            "from": "\"cat_ears\": {\n\t\t\tfilters: [\"hair\"],\n\t\t\tz: ZIndices.backhair,",
            "to": "\"cat_ears\": {\n\t\t\tfilters: [\"hair\"],\n\t\t\tz: ZIndices.horns,"
          },
          {
            "fileName": "canvasmodel-main.js",
            "from": "\"wolf_ears\": {\n\t\t\tz: ZIndices.backhair,",
            "to": "\"wolf_ears\": {\n\t\t\tz: ZIndices.horns,"
          },

          {
            "fileName": "canvasmodel-main.js",
            "from": "const hairs = [\n\t\t\t\t\t\"default\",",
            "to": "const hairs = [\n\t\t\t\t\t\"default\",\n\t\t\t\t\t\"braid left\",\n\t\t\t\t\t\"braid right\",\n\t\t\t\t\t\"sidetail left\",\n\t\t\t\t\t\"sidetail right\","
          },

          {
            "fileName": "canvasmodel-main.js",
            "from": "ZIndices.upper + 1 : options.zupper;",
            "to": "ZIndices.upper + 1 : options.zupper + 0.5;"
          },

          {
            "fileName": "canvasmodel-main.js",
            "from": "ZIndices.lower_high : options.zupper;",
            "to": "ZIndices.lower_high : options.zupper + 0.5;"
          },


          {
            "fileName": "00-canvasmodel-data.js",
            "from": "backhair: 10",
            "to": "backhair: 4"
          },
          {
            "fileName": "00-canvasmodel-data.js",
            "from": "upper_arms: 94,",
            "to": "upper_arms: 95.1,"
          },
          {
            "fileName": "00-canvasmodel-data.js",
            "from": "upper_arms_tucked: 88.5,",
            "to": "upper_arms_tucked: 89.5,"
          },

          {
            "fileName": "canvasmodel-main.js",
            "from": "return `${path}/navel.png`;",
            "to": "return `${path}/navel.png`;\n\t\t\t\tif (options.hair_sides_length === \"short\" && hairs.includes(options.hair_sides_type))return `${path}/short.png`;\n\t\t\t\tif (options.hair_sides_length === \"shoulder\" && hairs.includes(options.hair_sides_type))return `${path}/shoulder.png`;\n\t\t\t\tif (options.hair_sides_length === \"chest\" && hairs.includes(options.hair_sides_type))return `${path}/chest.png`;"
          },

          {
            "fileName": "canvasmodel-main.js",
            "from": "\"angel_wings_right_front\"",
            "to": "\"angel_wings_right_back\": {animation: \"idle\",srcfn(options) {return `img/transformations/angel/rightwing/${options.angel_wings_type}_back.png`;},showfn(options) {return options.show_tf&& isPartEnabled(options.angel_wings_type)&& options.angel_wings_type === \"default\"&& options.angel_wing_right === \"idle\"&& !options.hideAll;},zfn() {return ZIndices.head_back;},},\"angel_wings_right_front\""
          },
          {
            "fileName": "canvasmodel-main.js",
            "from": "\"fallen_wings_right_front\"",
            "to": "\"fallen_wings_right_back\": {animation: \"idle\",srcfn(options) {return `img/transformations/fallen/rightwing/${options.fallen_wings_type}_back.png`;},showfn(options) {return options.show_tf&& isPartEnabled(options.fallen_wings_type)&& options.fallen_wings_type === \"default\"&& options.fallen_wing_right === \"idle\"&& !options.hideAll;},zfn() {return ZIndices.head_back;},},\"fallen_wings_right_front\""
          },
          {
            "fileName": "canvasmodel-main.js",
            "from": "\"fallen_wings_left_front\"",
            "to": "\"fallen_wings_left_back\": {animation: \"idle\",srcfn(options) {return `img/transformations/fallen/leftwing/${options.fallen_wings_type}_back.png`;},showfn(options) {return options.show_tf&& isPartEnabled(options.fallen_wings_type)&& options.fallen_wings_type === \"default\"&& options.fallen_wing_right === \"idle\"&& !options.hideAll;},zfn() {return ZIndices.head_back;},},\"fallen_wings_left_front\""
          },
          {
            "fileName": "canvasmodel-main.js",
            "from": "\"bird_wings_rightcover\"",
            "to": "\"bird_wings_right_back\": {animation: \"idle\",filters: [\"hair\"],srcfn(options) {return `img/transformations/bird/rightwing/${options.bird_wings_type}_back.png`;},showfn(options) {return options.show_tf&& isPartEnabled(options.bird_wings_type)&& options.bird_wings_type === \"default\"&& options.bird_wing_right === \"idle\"&& !options.hideAll;},zfn() {return ZIndices.head_back;},},\"bird_wings_right_front\": {animation: \"idle\",filters: [\"hair\"],srcfn(options) {return `img/transformations/bird/rightwing/${options.bird_wings_type}_front.png`;},showfn(options) {return options.show_tf&& isPartEnabled(options.bird_wings_type)&& options.bird_wing_right === \"idle\"&& options.bird_wings_type === \"default\"&& options.bird_wings_layer !== \"back\"&& !options.hideAll;},zfn() {return ZIndices.over_head;},},\"bird_wings_rightcover\""
          },
          {
            "fileName": "canvasmodel-main.js",
            "from": "\"bird_wings_leftcover\"",
            "to": "\"bird_wings_left_back\": {animation: \"idle\",filters: [\"hair\"],srcfn(options) {return `img/transformations/bird/leftwing/${options.bird_wings_type}_back.png`;},showfn(options) {return options.show_tf&& isPartEnabled(options.bird_wings_type)&& options.bird_wings_type === \"default\"&& options.bird_wing_left === \"idle\"&& !options.hideAll;},zfn() {return ZIndices.head_back;},},\"bird_wings_left_front\": {animation: \"idle\",filters: [\"hair\"],srcfn(options) {return `img/transformations/bird/leftwing/${options.bird_wings_type}_front.png`;},showfn(options) {return options.show_tf&& isPartEnabled(options.bird_wings_type)&& options.bird_wing_left === \"idle\"&& options.bird_wings_type === \"default\"&& options.bird_wings_layer !== \"back\"&& !options.hideAll;},zfn() {return ZIndices.over_head;},},\"bird_wings_leftcover\""
          },
          {
            "fileName": "canvasmodel-main.js",
            "from": "\"bird_malar\": {\n\t\t\tfilters: [\"hair\"],\n\t\t\tz: ZIndices.lower,",
            "to": "\"bird_malar\": {\n\t\t\tfilters: [\"hair\"],\n\t\t\tz: ZIndices.horns,"
          },


          {
            "fileName": "00-canvasmodel-data.js",
            "from": "const ZIndices = {",
            "to": "const ZIndices = {\n\t\tdemon_fish: 87,"
          },
          {
            "fileName": "00-canvasmodel-data.js",
            "from": "const ZIndices = {",
            "to": "const ZIndices = {\n\t\tdemon_mark: 54,"
          },
          {
            "fileName": "canvasmodel-main.js",
            "from": "\"demon_tail\"",
            "to": "\"demon_tail_front\": {animation: \"idle\",filters: [\"demon_tail\"],srcfn(options) {return `img/transformations/demon/tail/${options.demon_tail_type}_front.png`;},showfn(options) {return options.show_tf&& isPartEnabled(options.demon_tail_type)&& options.demon_tail_state === \"idle\"&& options.demon_tail_type === \"default\"&& options.demon_tail_layer !== \"back\"&& !options.hideAll;},zfn(options) {if (options.demon_tail_layer === \"back\")return ZIndices.demon_mark;if (options.demon_tail_layer === \"cover\") return ZIndices.demon_mark;return ZIndices.demon_mark;},},\"demon_tail\""
          }
        ]
      }
    }
  ],

  "dependenceInfo": [
    {
      "modName": "ReplacePatcher",
      "version": "^1.2.1"
    },
    {
      "modName": "ModLoader",
      "version": "^2.16.3"
    },
    {
      "modName": "TweeReplacer",
      "version": "^1.6.0"
  }
  ]
}